dataset,split,round_index,sample,model,box_count,confidence,box_mask_iou,box_mask_f1,box_mask_accuracy
zijinshan,test,1,2024_omap_2024_000041,nvidia/LocateAnything-3B,42,,0.31502511292921,0.4791164972165339,0.33824920654296875
zijinshan,test,2,2024_omap_2024_000050,nvidia/LocateAnything-3B,9,,0.01874950187295768,0.036808856030824,0.4364128112792969
zijinshan,test,3,2024_omap_2024_000009,nvidia/LocateAnything-3B,3,,0.06895315590798759,0.12901062226514046,0.17766952514648438
zijinshan,test,4,2024_omap_2024_000002,nvidia/LocateAnything-3B,1,,0.019053964534200257,0.037395398472169515,0.022762298583984375
zijinshan,test,5,2024_omap_2024_000028,nvidia/LocateAnything-3B,2,,0.9701483989936204,0.9848480444307504,0.9701728820800781
zijinshan,test,6,2024_omap_2024_000043,nvidia/LocateAnything-3B,1,,0.9896797872624539,0.9948131288242389,0.9896812438964844
zijinshan,test,7,2024_omap_2024_000063,nvidia/LocateAnything-3B,39,,0.16162983010073673,0.2782811286564846,0.723480224609375
zijinshan,test,8,2024_omap_2024_000015,nvidia/LocateAnything-3B,2,,0.9794547986493962,0.989620777718884,0.9794578552246094
zijinshan,test,9,2024_omap_2024_000041,nvidia/LocateAnything-3B,2,,0.8868139080529946,0.9400120534071099,0.8868484497070312
zijinshan,test,10,2024_omap_2024_000021,nvidia/LocateAnything-3B,2,,0.9067554310275722,0.9510977824134597,0.9068183898925781
zijinshan,test,11,2024_omap_2024_000032,nvidia/LocateAnything-3B,2,,0.7132588835589233,0.8326340991470977,0.7136001586914062
zijinshan,test,12,2024_omap_2024_000008,nvidia/LocateAnything-3B,7,,0.854239746550375,0.9213908267683307,0.8543281555175781
zijinshan,test,13,2024_omap_2024_000057,nvidia/LocateAnything-3B,1,,0.2663285445449121,0.4206310371699378,0.26828765869140625
zijinshan,test,14,2024_omap_2024_000047,nvidia/LocateAnything-3B,42,,0.8872378756765422,0.9402501794941803,0.8873023986816406
zijinshan,test,15,2024_omap_2024_000039,nvidia/LocateAnything-3B,1,,0.9262577164615302,0.9617173325727505,0.92626953125
zijinshan,test,16,2024_omap_2024_000065,nvidia/LocateAnything-3B,42,,0.31583084420688573,0.48004778972520906,0.9169921875
zijinshan,test,17,2024_omap_2024_000045,nvidia/LocateAnything-3B,18,,0.07005509070373188,0.13093735324909203,0.23050308227539062
zijinshan,test,18,2024_omap_2024_000031,nvidia/LocateAnything-3B,2,,0.9444026789291915,0.9714064778488031,0.9444236755371094
zijinshan,test,19,2024_omap_2024_000009,nvidia/LocateAnything-3B,3,,0.0664180168811019,0.12456281838776742,0.17596817016601562
zijinshan,test,20,2024_omap_2024_000026,nvidia/LocateAnything-3B,1,,0.9722495782088573,0.9859295587648979,0.9722671508789062
zijinshan,test,21,2024_omap_2024_000048,nvidia/LocateAnything-3B,1,,0.734597527768527,0.8469947823730039,0.8449554443359375
zijinshan,test,22,2024_omap_2024_000040,nvidia/LocateAnything-3B,1,,0.9952850341796875,0.9976369462309674,0.9952850341796875
zijinshan,test,23,2024_omap_2024_000061,nvidia/LocateAnything-3B,41,,0.09461235216819974,0.17286914765906364,0.7450523376464844
zijinshan,test,24,2024_omap_2024_000046,nvidia/LocateAnything-3B,42,,0.11753438206185954,0.21034588993138215,0.4622306823730469
zijinshan,test,25,2024_omap_2024_000026,nvidia/LocateAnything-3B,1,,0.9722495782088573,0.9859295587648979,0.9722671508789062
zijinshan,test,26,2024_omap_2024_000012,nvidia/LocateAnything-3B,2,,0.47793637145313844,0.6467617695655209,0.4788703918457031
zijinshan,test,27,2024_omap_2024_000065,nvidia/LocateAnything-3B,5,,0.22359408402774747,0.3654710119090066,0.864227294921875
zijinshan,test,28,2024_omap_2024_000053,nvidia/LocateAnything-3B,42,,0.40501985274887264,0.5765325692109835,0.7136154174804688
zijinshan,test,29,2024_omap_2024_000064,nvidia/LocateAnything-3B,1,,0.1545949917345252,0.2677908579913034,0.1572265625
zijinshan,test,30,2024_omap_2024_000022,nvidia/LocateAnything-3B,2,,0.07051213595935865,0.13173533225976544,0.5351638793945312
zijinshan,test,31,2024_omap_2024_000054,nvidia/LocateAnything-3B,42,,0.11865744163060542,0.21214258666646868,0.19043731689453125
zijinshan,test,32,2024_omap_2024_000061,nvidia/LocateAnything-3B,1,,0.24967276735481203,0.3995810325342938,0.2521400451660156
zijinshan,test,33,2024_omap_2024_000013,nvidia/LocateAnything-3B,2,,0.9491769932106233,0.9739259149033651,0.9491996765136719
zijinshan,test,34,2024_omap_2024_000017,nvidia/LocateAnything-3B,2,,0.9169152841497282,0.9566570747610659,0.9170303344726562
zijinshan,test,35,2024_omap_2024_000045,nvidia/LocateAnything-3B,25,,0.030695922510185443,0.059563488784214344,0.2185821533203125
zijinshan,test,36,2024_omap_2024_000050,nvidia/LocateAnything-3B,41,,0.4684181213378906,0.6379901126677872,0.4684181213378906
zijinshan,test,37,2024_omap_2024_000007,nvidia/LocateAnything-3B,1,,0.9218223624405112,0.9593210907067334,0.9219207763671875
zijinshan,test,38,2024_omap_2024_000007,nvidia/LocateAnything-3B,1,,0.9218223624405112,0.9593210907067334,0.9219207763671875
zijinshan,test,39,2024_omap_2024_000045,nvidia/LocateAnything-3B,35,,0.7893300963872798,0.8822632536958551,0.7993965148925781
zijinshan,test,40,2024_omap_2024_000051,nvidia/LocateAnything-3B,10,,0.7801094055175781,0.8764735505577045,0.7801094055175781
zijinshan,test,41,2024_omap_2024_000051,nvidia/LocateAnything-3B,6,,0.7800507895289558,0.876436553515842,0.7802848815917969
zijinshan,test,42,2024_omap_2024_000059,nvidia/LocateAnything-3B,42,,0.044950916702757325,0.08603450360060097,0.7981071472167969
zijinshan,test,43,2024_omap_2024_000007,nvidia/LocateAnything-3B,1,,0.9218223624405112,0.9593210907067334,0.9219207763671875
zijinshan,test,44,2024_omap_2024_000004,nvidia/LocateAnything-3B,37,,0.7250747794768488,0.8406299693242715,0.7251167297363281
zijinshan,test,45,2024_omap_2024_000042,nvidia/LocateAnything-3B,2,,0.9921646118164062,0.9960668972146586,0.9921646118164062
zijinshan,test,46,2024_omap_2024_000048,nvidia/LocateAnything-3B,3,,0.5811587484360435,0.7351048704133972,0.6794700622558594
zijinshan,test,47,2024_omap_2024_000054,nvidia/LocateAnything-3B,42,,0.04686125583598349,0.08952715667858369,0.14023208618164062
zijinshan,test,48,2024_omap_2024_000027,nvidia/LocateAnything-3B,2,,0.9151749428559436,0.9557089771561215,0.9152030944824219
zijinshan,test,49,2024_omap_2024_000051,nvidia/LocateAnything-3B,19,,0.6999133961568472,0.8234694752558651,0.7329940795898438
zijinshan,test,50,2024_omap_2024_000014,nvidia/LocateAnything-3B,2,,0.9563912011780594,0.9777095711759074,0.9563941955566406
zijinshan,test,51,2024_omap_2024_000039,nvidia/LocateAnything-3B,1,,0.9262577164615302,0.9617173325727505,0.92626953125
zijinshan,test,52,2024_omap_2024_000024,nvidia/LocateAnything-3B,1,,0.006383483193200678,0.01268598561046775,0.5843582153320312
zijinshan,test,53,2024_omap_2024_000024,nvidia/LocateAnything-3B,1,,0.0034197231392146493,0.006816136977088692,0.5831184387207031
zijinshan,test,54,2024_omap_2024_000056,nvidia/LocateAnything-3B,41,,0.09051504610816727,0.16600421320402242,0.6798324584960938
zijinshan,test,55,2024_omap_2024_000006,nvidia/LocateAnything-3B,41,,0.07644633740137058,0.14203464630836737,0.8709602355957031
zijinshan,test,56,2024_omap_2024_000054,nvidia/LocateAnything-3B,41,,0.24811803673592292,0.39758745476477686,0.29512786865234375
zijinshan,test,57,2024_omap_2024_000043,nvidia/LocateAnything-3B,1,,0.9914698162729659,0.9957166392092257,0.9914703369140625
zijinshan,test,58,2024_omap_2024_000060,nvidia/LocateAnything-3B,6,,0.178070068359375,0.3023081107685931,0.178070068359375
zijinshan,test,59,2024_omap_2024_000041,nvidia/LocateAnything-3B,17,,0.8205191953886698,0.9014122976203983,0.8209991455078125
zijinshan,test,60,2024_omap_2024_000052,nvidia/LocateAnything-3B,18,,0.4863974691404644,0.6544648779868177,0.5330390930175781
zijinshan,test,61,2024_omap_2024_000013,nvidia/LocateAnything-3B,2,,0.9491769932106233,0.9739259149033651,0.9491996765136719
zijinshan,test,62,2024_omap_2024_000022,nvidia/LocateAnything-3B,1,,0.4952682352581449,0.6624473436669257,0.496246337890625
zijinshan,test,63,2024_omap_2024_000043,nvidia/LocateAnything-3B,1,,0.9896797872624539,0.9948131288242389,0.9896812438964844
zijinshan,test,64,2024_omap_2024_000027,nvidia/LocateAnything-3B,2,,0.9151749428559436,0.9557089771561215,0.9152030944824219
zijinshan,test,65,2024_omap_2024_000040,nvidia/LocateAnything-3B,1,,0.9952850341796875,0.9976369462309674,0.9952850341796875
zijinshan,test,66,2024_omap_2024_000038,nvidia/LocateAnything-3B,2,,0.9531295909762156,0.9760024069880804,0.9531440734863281
zijinshan,test,67,2024_omap_2024_000020,nvidia/LocateAnything-3B,1,,0.9685296272552432,0.9840132592829519,0.9685401916503906
zijinshan,test,68,2024_omap_2024_000024,nvidia/LocateAnything-3B,2,,0.416280021573075,0.5878498817073039,0.41785430908203125
zijinshan,test,69,2024_omap_2024_000009,nvidia/LocateAnything-3B,3,,0.07240144590008983,0.13502675919897092,0.16890716552734375
zijinshan,test,70,2024_omap_2024_000000,nvidia/LocateAnything-3B,23,,0.06790469828545981,0.12717370453465,0.6007881164550781
zijinshan,test,71,2024_omap_2024_000054,nvidia/LocateAnything-3B,42,,0.06790804171962994,0.12717956802774713,0.1552276611328125
zijinshan,test,72,2024_omap_2024_000041,nvidia/LocateAnything-3B,42,,0.888504387638306,0.9409608931324082,0.8885231018066406
zijinshan,test,73,2024_omap_2024_000009,nvidia/LocateAnything-3B,3,,0.05163158577170766,0.09819329596080817,0.1629638671875
zijinshan,test,74,2024_omap_2024_000000,nvidia/LocateAnything-3B,42,,0.015163467437987554,0.029873942324296323,0.82855224609375
zijinshan,test,75,2024_omap_2024_000032,nvidia/LocateAnything-3B,2,,0.7132588835589233,0.8326340991470977,0.7136001586914062
zijinshan,test,76,2024_omap_2024_000042,nvidia/LocateAnything-3B,2,,0.9921646118164062,0.9960668972146586,0.9921646118164062
zijinshan,test,77,2024_omap_2024_000044,nvidia/LocateAnything-3B,42,,0.9390602111816406,0.968572513392339,0.9390602111816406
zijinshan,test,78,2024_omap_2024_000044,nvidia/LocateAnything-3B,7,,0.9371070861816406,0.9675325570449842,0.9371070861816406
zijinshan,test,79,2024_omap_2024_000006,nvidia/LocateAnything-3B,41,,0.10466417544158164,0.18949501173013578,0.47811126708984375
zijinshan,test,80,2024_omap_2024_000032,nvidia/LocateAnything-3B,2,,0.7132588835589233,0.8326340991470977,0.7136001586914062
zijinshan,test,81,2024_omap_2024_000055,nvidia/LocateAnything-3B,7,,0.48940147081629487,0.6571787129336848,0.5227279663085938
zijinshan,test,82,2024_omap_2024_000042,nvidia/LocateAnything-3B,2,,0.9921646118164062,0.9960668972146586,0.9921646118164062
zijinshan,test,83,2024_omap_2024_000041,nvidia/LocateAnything-3B,42,,0.8868139080529946,0.9400120534071099,0.8868484497070312
zijinshan,test,84,2024_omap_2024_000065,nvidia/LocateAnything-3B,42,,0.2016701926288832,0.3356498211671392,0.8632469177246094
zijinshan,test,85,2024_omap_2024_000043,nvidia/LocateAnything-3B,1,,0.9896797872624539,0.9948131288242389,0.9896812438964844
zijinshan,test,86,2024_omap_2024_000019,nvidia/LocateAnything-3B,2,,0.972394744472082,0.9860041933262671,0.9723968505859375
zijinshan,test,87,2024_omap_2024_000048,nvidia/LocateAnything-3B,1,,0.7361014707230509,0.8479936030657006,0.8462638854980469
zijinshan,test,88,2024_omap_2024_000037,nvidia/LocateAnything-3B,2,,0.9951820373535156,0.997585201472205,0.9951820373535156
zijinshan,test,89,2024_omap_2024_000066,nvidia/LocateAnything-3B,41,,0.21584730190872614,0.3550565956265614,0.7606925964355469
zijinshan,test,90,2024_omap_2024_000023,nvidia/LocateAnything-3B,2,,0.28632746508481316,0.44518596213901773,0.2877159118652344
zijinshan,test,91,2024_omap_2024_000032,nvidia/LocateAnything-3B,2,,0.7132588835589233,0.8326340991470977,0.7136001586914062
zijinshan,test,92,2024_omap_2024_000048,nvidia/LocateAnything-3B,3,,0.5867045442785143,0.7395258889175148,0.6953163146972656
zijinshan,test,93,2024_omap_2024_000006,nvidia/LocateAnything-3B,41,,0.1188950660180681,0.21252228136315363,0.5163307189941406
zijinshan,test,94,2024_omap_2024_000051,nvidia/LocateAnything-3B,6,,0.7800507895289558,0.876436553515842,0.7802848815917969
zijinshan,test,95,2024_omap_2024_000042,nvidia/LocateAnything-3B,2,,0.9921646118164062,0.9960668972146586,0.9921646118164062
zijinshan,test,96,2024_omap_2024_000006,nvidia/LocateAnything-3B,41,,0.07752048247610378,0.14388679145655675,0.8763008117675781
zijinshan,test,97,2024_omap_2024_000031,nvidia/LocateAnything-3B,2,,0.9463527256768876,0.9724370235593061,0.9463729858398438
zijinshan,test,98,2024_omap_2024_000036,nvidia/LocateAnything-3B,11,,0.8515181533720144,0.9198053519715331,0.8559112548828125
zijinshan,test,99,2024_omap_2024_000018,nvidia/LocateAnything-3B,1,,0.9303375847970407,0.9639117966973203,0.930389404296875
zijinshan,test,100,2024_omap_2024_000066,nvidia/LocateAnything-3B,6,,0.24379508497371316,0.39201808709328617,0.2449951171875
loveda,default,1,loveda_0467,nvidia/LocateAnything-3B,9,,0.09563047989157161,0.17456703084973615,0.7842788696289062
loveda,default,2,loveda_0320,nvidia/LocateAnything-3B,31,,0.00415184687988707,0.008269360640599804,0.1078939437866211
loveda,default,3,loveda_0455,nvidia/LocateAnything-3B,33,,0.20262557981224374,0.3369720105968111,0.8078622817993164
loveda,default,4,loveda_0304,nvidia/LocateAnything-3B,16,,0.10194261232312983,0.18502345073708162,0.6201839447021484
loveda,default,5,loveda_0480,nvidia/LocateAnything-3B,40,,0.0,0.0,0.8475580215454102
loveda,default,6,loveda_0229,nvidia/LocateAnything-3B,20,,0.0,0.0,0.5234823226928711
loveda,default,7,loveda_0465,nvidia/LocateAnything-3B,38,,0.25661548774259446,0.4084232452101684,0.6446418762207031
loveda,default,8,loveda_0424,nvidia/LocateAnything-3B,15,,0.02410394898240972,0.0470732468249153,0.42032718658447266
loveda,default,9,loveda_0451,nvidia/LocateAnything-3B,42,,0.41191928698861124,0.5834884341967826,0.4124593734741211
loveda,default,10,loveda_0348,nvidia/LocateAnything-3B,19,,0.22217321783135072,0.363570751821218,0.5778379440307617
loveda,default,11,loveda_0476,nvidia/LocateAnything-3B,20,,0.04712245081304465,0.09000370639834172,0.7471218109130859
loveda,default,12,loveda_0310,nvidia/LocateAnything-3B,31,,0.3815290573760771,0.5523286757365944,0.47779178619384766
loveda,default,13,loveda_0291,nvidia/LocateAnything-3B,7,,0.0,0.0,0.8891525268554688
loveda,default,14,loveda_0467,nvidia/LocateAnything-3B,15,,0.10994951441706545,0.19811624400738595,0.819427490234375
loveda,default,15,loveda_0280,nvidia/LocateAnything-3B,5,,0.0,0.0,0.791956901550293
loveda,default,16,loveda_0296,nvidia/LocateAnything-3B,1,,0.15418954076077612,0.26718235665026585,0.15543174743652344
loveda,default,17,loveda_0011,nvidia/LocateAnything-3B,27,,0.0,0.0,0.8879547119140625
loveda,default,18,loveda_0096,nvidia/LocateAnything-3B,30,,0.09264034782031497,0.1695715301107473,0.7392730712890625
loveda,default,19,loveda_0357,nvidia/LocateAnything-3B,1,,0.06394456169785055,0.12020280755194115,0.06567192077636719
loveda,default,20,loveda_0409,nvidia/LocateAnything-3B,3,,0.0029441203609577578,0.005870955921050067,0.7568025588989258
loveda,default,21,loveda_0253,nvidia/LocateAnything-3B,18,,0.0,0.0,0.7085971832275391
loveda,default,22,loveda_0422,nvidia/LocateAnything-3B,42,,0.06668539180356933,0.12503291470190017,0.5531816482543945
loveda,default,23,loveda_0444,nvidia/LocateAnything-3B,12,,0.0,0.0,0.9254779815673828
loveda,default,24,loveda_0326,nvidia/LocateAnything-3B,1,,0.0,0.0,0.9045333862304688
loveda,default,25,loveda_0165,nvidia/LocateAnything-3B,29,,0.2606816140390816,0.4135566206980478,0.7150611877441406
loveda,default,26,loveda_0158,nvidia/LocateAnything-3B,3,,0.0,0.0,0.9434757232666016
loveda,default,27,loveda_0365,nvidia/LocateAnything-3B,21,,0.06133916910804419,0.1155882509445006,0.8731937408447266
loveda,default,28,loveda_0121,nvidia/LocateAnything-3B,2,,0.23238571753468273,0.37713146822174654,0.3401374816894531
loveda,default,29,loveda_0450,nvidia/LocateAnything-3B,1,,0.0,0.0,0.0019521713256835938
loveda,default,30,loveda_0359,nvidia/LocateAnything-3B,8,,0.2561314331760745,0.40780992563565927,0.5941524505615234
loveda,default,31,loveda_0487,nvidia/LocateAnything-3B,38,,0.02152743130624388,0.04214753445967946,0.6970062255859375
loveda,default,32,loveda_0069,nvidia/LocateAnything-3B,9,,0.32180409167586216,0.4869164707575685,0.9490060806274414
loveda,default,33,loveda_0179,nvidia/LocateAnything-3B,41,,0.27624762736373404,0.4329059994953514,0.7770900726318359
loveda,default,34,loveda_0008,nvidia/LocateAnything-3B,16,,0.0,0.0,0.8701190948486328
loveda,default,35,loveda_0062,nvidia/LocateAnything-3B,9,,0.0,0.0,0.9946069717407227
loveda,default,36,loveda_0317,nvidia/LocateAnything-3B,5,,0.16079422672375746,0.2770417409424673,0.16225242614746094
loveda,default,37,loveda_0260,nvidia/LocateAnything-3B,15,,0.0295745230154565,0.057449989980011405,0.1253347396850586
loveda,default,38,loveda_0432,nvidia/LocateAnything-3B,1,,0.049759822638255936,0.09480229965974422,0.9852848052978516
loveda,default,39,loveda_0253,nvidia/LocateAnything-3B,9,,0.0,0.0,0.9285430908203125
loveda,default,40,loveda_0396,nvidia/LocateAnything-3B,5,,0.16195453069576246,0.2787622517359372,0.869542121887207
loveda,default,41,loveda_0066,nvidia/LocateAnything-3B,41,,0.0,0.0,0.8610801696777344
loveda,default,42,loveda_0188,nvidia/LocateAnything-3B,10,,0.043527468493821116,0.08342371390883775,0.970179557800293
loveda,default,43,loveda_0192,nvidia/LocateAnything-3B,6,,0.0,0.0,0.19121837615966797
loveda,default,44,loveda_0067,nvidia/LocateAnything-3B,0,0.0,0.0,0.0,1.0
loveda,default,45,loveda_0125,nvidia/LocateAnything-3B,1,,0.0,0.0,0.3976631164550781
loveda,default,46,loveda_0158,nvidia/LocateAnything-3B,6,,0.03001620064802592,0.058282968033204686,0.9383325576782227
loveda,default,47,loveda_0166,nvidia/LocateAnything-3B,1,,0.13701770328390325,0.24101243610925757,0.138702392578125
loveda,default,48,loveda_0462,nvidia/LocateAnything-3B,12,,0.15451071750641662,0.26766441430728055,0.7210321426391602
loveda,default,49,loveda_0204,nvidia/LocateAnything-3B,41,,0.22168769703023766,0.3629204052216149,0.551936149597168
loveda,default,50,loveda_0045,nvidia/LocateAnything-3B,36,,0.12505364619263037,0.2223069924102425,0.7375259399414062
loveda,default,51,loveda_0146,nvidia/LocateAnything-3B,16,,0.15993276876333312,0.2757621356517862,0.8388910293579102
loveda,default,52,loveda_0240,nvidia/LocateAnything-3B,3,,0.15313383575610423,0.26559594560105004,0.1547870635986328
loveda,default,53,loveda_0196,nvidia/LocateAnything-3B,34,,0.0,0.0,0.8220119476318359
loveda,default,54,loveda_0055,nvidia/LocateAnything-3B,2,,0.4454924834165646,0.6163885160628425,0.4458589553833008
loveda,default,55,loveda_0214,nvidia/LocateAnything-3B,23,,0.20237354909626304,0.33662342164524917,0.5474176406860352
loveda,default,56,loveda_0170,nvidia/LocateAnything-3B,26,,0.056533530926722586,0.10701701228002683,0.7498559951782227
loveda,default,57,loveda_0215,nvidia/LocateAnything-3B,6,,0.0,0.0,0.7239484786987305
loveda,default,58,loveda_0180,nvidia/LocateAnything-3B,2,,0.12253921465417413,0.21832504923567475,0.9761533737182617
loveda,default,59,loveda_0306,nvidia/LocateAnything-3B,6,,0.31782691270604235,0.4823500106753968,0.9722537994384766
loveda,default,60,loveda_0373,nvidia/LocateAnything-3B,4,,0.0025134600356404146,0.005014316786432092,0.4485645294189453
loveda,default,61,loveda_0236,nvidia/LocateAnything-3B,41,,0.33644925610750387,0.5034972402729818,0.7213611602783203
loveda,default,62,loveda_0152,nvidia/LocateAnything-3B,38,,0.010519614569233527,0.020820208569069392,0.6946506500244141
loveda,default,63,loveda_0051,nvidia/LocateAnything-3B,27,,0.0,0.0,0.7707862854003906
loveda,default,64,loveda_0078,nvidia/LocateAnything-3B,27,,0.16021635736267836,0.2761835865284141,0.9141216278076172
loveda,default,65,loveda_0437,nvidia/LocateAnything-3B,28,,0.0,0.0,0.963780403137207
loveda,default,66,loveda_0232,nvidia/LocateAnything-3B,3,,0.0,0.0,0.9219608306884766
loveda,default,67,loveda_0104,nvidia/LocateAnything-3B,41,,0.013911152531842186,0.02744057503875874,0.8486413955688477
loveda,default,68,loveda_0130,nvidia/LocateAnything-3B,2,,0.2967840322679788,0.4577231441521154,0.3126506805419922
loveda,default,69,loveda_0328,nvidia/LocateAnything-3B,41,,0.09379577632344636,0.17150509876481734,0.0955648422241211
loveda,default,70,loveda_0134,nvidia/LocateAnything-3B,21,,0.34794400242963064,0.5162588383530348,0.6785345077514648
loveda,default,71,loveda_0003,nvidia/LocateAnything-3B,22,,0.05769539048951457,0.1090964204028769,0.9383354187011719
loveda,default,72,loveda_0009,nvidia/LocateAnything-3B,2,,0.0,0.0,0.0019521713256835938
loveda,default,73,loveda_0418,nvidia/LocateAnything-3B,2,,0.0,0.0,0.9777774810791016
loveda,default,74,loveda_0364,nvidia/LocateAnything-3B,13,,0.635419747478524,0.7770723674557662,0.6884679794311523
loveda,default,75,loveda_0265,nvidia/LocateAnything-3B,2,,0.0,0.0,0.1865863800048828
loveda,default,76,loveda_0127,nvidia/LocateAnything-3B,34,,0.0,0.0,0.9488191604614258
loveda,default,77,loveda_0207,nvidia/LocateAnything-3B,2,,0.3455272085933238,0.5135937889424829,0.34671497344970703
loveda,default,78,loveda_0360,nvidia/LocateAnything-3B,0,0.0,0.0,0.0,1.0
loveda,default,79,loveda_0097,nvidia/LocateAnything-3B,33,,0.21402535001242648,0.3525879422702924,0.909520149230957
loveda,default,80,loveda_0374,nvidia/LocateAnything-3B,31,,0.32159785721809525,0.48668035508932267,0.7420291900634766
loveda,default,81,loveda_0259,nvidia/LocateAnything-3B,12,,0.0,0.0,0.9216947555541992
loveda,default,82,loveda_0220,nvidia/LocateAnything-3B,2,,0.17365239708684244,0.29591793535781163,0.17523956298828125
loveda,default,83,loveda_0441,nvidia/LocateAnything-3B,10,,0.392442765581215,0.5636752551440155,0.7041158676147461
loveda,default,84,loveda_0380,nvidia/LocateAnything-3B,41,,0.1034973881464015,0.1875806671735782,0.8013029098510742
loveda,default,85,loveda_0229,nvidia/LocateAnything-3B,15,,0.0,0.0,0.70343017578125
loveda,default,86,loveda_0032,nvidia/LocateAnything-3B,16,,0.12117090014910926,0.21615063347254954,0.8398065567016602
loveda,default,87,loveda_0016,nvidia/LocateAnything-3B,28,,0.033415382540378326,0.06466979900809189,0.9726619720458984
loveda,default,88,loveda_0401,nvidia/LocateAnything-3B,12,,0.0,0.0,0.7790889739990234
loveda,default,89,loveda_0103,nvidia/LocateAnything-3B,2,,0.0,0.0,0.9348258972167969
loveda,default,90,loveda_0369,nvidia/LocateAnything-3B,1,,0.0,0.0,0.0019521713256835938
loveda,default,91,loveda_0464,nvidia/LocateAnything-3B,1,,0.42871853703172585,0.6001441514469632,0.6010799407958984
loveda,default,92,loveda_0280,nvidia/LocateAnything-3B,4,,0.0,0.0,0.918543815612793
loveda,default,93,loveda_0162,nvidia/LocateAnything-3B,14,,0.0,0.0,0.9910678863525391
loveda,default,94,loveda_0017,nvidia/LocateAnything-3B,22,,0.04123892919689767,0.07921127042129524,0.5431699752807617
loveda,default,95,loveda_0046,nvidia/LocateAnything-3B,38,,0.0962471747685318,0.17559392987964417,0.0985260009765625
loveda,default,96,loveda_0252,nvidia/LocateAnything-3B,18,,0.00883195110825323,0.01750926127696666,0.8280086517333984
loveda,default,97,loveda_0221,nvidia/LocateAnything-3B,41,,0.0,0.0,0.7537450790405273
loveda,default,98,loveda_0218,nvidia/LocateAnything-3B,13,,0.02086326951927209,0.04087377838385091,0.6458377838134766
loveda,default,99,loveda_0364,nvidia/LocateAnything-3B,14,,0.6356234397817145,0.7772246647022165,0.6887445449829102
loveda,default,100,loveda_0300,nvidia/LocateAnything-3B,11,,0.08800897723629368,0.16177987328716664,0.7450037002563477
potsdam,default,1,potsdam_0278,nvidia/LocateAnything-3B,2,,0.6211485681735798,0.76630677825337,0.720916748046875
potsdam,default,2,potsdam_0192,nvidia/LocateAnything-3B,12,,0.5461871740456902,0.7064955436366208,0.5488929748535156
potsdam,default,3,potsdam_0047,nvidia/LocateAnything-3B,1,,0.4748346979437151,0.6439158213537453,0.47614288330078125
potsdam,default,4,potsdam_0334,nvidia/LocateAnything-3B,2,,0.9719721361756672,0.9857868864827429,0.9719734191894531
potsdam,default,5,potsdam_0231,nvidia/LocateAnything-3B,10,,0.39095893046070984,0.5621430250729508,0.5168914794921875
potsdam,default,6,potsdam_0315,nvidia/LocateAnything-3B,1,,0.008702759506480364,0.017255349852989977,0.02841949462890625
potsdam,default,7,potsdam_0243,nvidia/LocateAnything-3B,2,,0.9262894387373498,0.9617344310879022,0.9263153076171875
potsdam,default,8,potsdam_0375,nvidia/LocateAnything-3B,2,,0.5043742962763679,0.6705436240499412,0.6205101013183594
potsdam,default,9,potsdam_0393,nvidia/LocateAnything-3B,1,,0.42010213786702216,0.591650595636749,0.4208564758300781
potsdam,default,10,potsdam_0161,nvidia/LocateAnything-3B,2,,0.15258360287631317,0.2647679569543336,0.7581405639648438
potsdam,default,11,potsdam_0098,nvidia/LocateAnything-3B,2,,0.2930226400105918,0.4532366734246688,0.6944541931152344
potsdam,default,12,potsdam_0015,nvidia/LocateAnything-3B,2,,0.9795107138633615,0.989649317887929,0.9795112609863281
potsdam,default,13,potsdam_0349,nvidia/LocateAnything-3B,2,,0.0,0.0,0.8012161254882812
potsdam,default,14,potsdam_0066,nvidia/LocateAnything-3B,1,,0.03749379458103624,0.0722776266747255,0.8594741821289062
potsdam,default,15,potsdam_0281,nvidia/LocateAnything-3B,1,,0.37303367352007305,0.5433714856587886,0.3740501403808594
potsdam,default,16,potsdam_0177,nvidia/LocateAnything-3B,1,,0.05133649965148887,0.09765950229732646,0.3302459716796875
potsdam,default,17,potsdam_0138,nvidia/LocateAnything-3B,2,,0.3906435614160133,0.5618169490077575,0.6869163513183594
potsdam,default,18,potsdam_0174,nvidia/LocateAnything-3B,2,,0.9704163232915178,0.9849860781405507,0.9704208374023438
potsdam,default,19,potsdam_0324,nvidia/LocateAnything-3B,2,,0.9813409632808775,0.9905826220398607,0.9813423156738281
potsdam,default,20,potsdam_0271,nvidia/LocateAnything-3B,2,,0.7601725887550262,0.8637477865652912,0.7601890563964844
potsdam,default,21,potsdam_0359,nvidia/LocateAnything-3B,3,,0.7628054801283634,0.8654448703810674,0.8240585327148438
potsdam,default,22,potsdam_0035,nvidia/LocateAnything-3B,2,,0.17192740109742527,0.29340964455038376,0.1767730712890625
potsdam,default,23,potsdam_0006,nvidia/LocateAnything-3B,1,,0.5445398739229774,0.7051159806446439,0.7475357055664062
potsdam,default,24,potsdam_0217,nvidia/LocateAnything-3B,2,,0.9728780063484312,0.9862525743790066,0.9728813171386719
potsdam,default,25,potsdam_0026,nvidia/LocateAnything-3B,2,,0.9301810573259108,0.963827775425992,0.9302444458007812
potsdam,default,26,potsdam_0225,nvidia/LocateAnything-3B,21,,0.7733418991678903,0.872185898873497,0.773895263671875
potsdam,default,27,potsdam_0159,nvidia/LocateAnything-3B,4,,0.6186035298259579,0.7643669600701709,0.6198081970214844
potsdam,default,28,potsdam_0264,nvidia/LocateAnything-3B,10,,0.6819252365701809,0.8108865028516701,0.6821327209472656
potsdam,default,29,potsdam_0154,nvidia/LocateAnything-3B,1,,0.680710174202269,0.8100268382386163,0.8396072387695312
potsdam,default,30,potsdam_0056,nvidia/LocateAnything-3B,2,,0.25851659609342986,0.410827472432057,0.7929229736328125
potsdam,default,31,potsdam_0220,nvidia/LocateAnything-3B,1,,0.34192777130038227,0.5096068188067088,0.8299064636230469
potsdam,default,32,potsdam_0160,nvidia/LocateAnything-3B,0,0.0,0.0,0.0,0.5790634155273438
potsdam,default,33,potsdam_0180,nvidia/LocateAnything-3B,2,,0.9669545711190124,0.9831996989832928,0.9669570922851562
potsdam,default,34,potsdam_0331,nvidia/LocateAnything-3B,3,,0.8174981973011022,0.8995862538021198,0.8175239562988281
potsdam,default,35,potsdam_0089,nvidia/LocateAnything-3B,0,0.0,0.0,0.0,0.51666259765625
potsdam,default,36,potsdam_0205,nvidia/LocateAnything-3B,2,,0.6971915434519312,0.8215826270662507,0.8073463439941406
potsdam,default,37,potsdam_0298,nvidia/LocateAnything-3B,2,,0.5748965969122405,0.7300753561083173,0.8020057678222656
potsdam,default,38,potsdam_0030,nvidia/LocateAnything-3B,0,0.0,0.0,0.0,0.47271728515625
potsdam,default,39,potsdam_0299,nvidia/LocateAnything-3B,2,,0.46623987625942553,0.635966711598195,0.9052200317382812
potsdam,default,40,potsdam_0062,nvidia/LocateAnything-3B,0,0.0,0.0,0.0,0.9024772644042969
potsdam,default,41,potsdam_0012,nvidia/LocateAnything-3B,3,,0.3945352369745074,0.5658304308329495,0.6153068542480469
potsdam,default,42,potsdam_0289,nvidia/LocateAnything-3B,2,,0.6989400127688231,0.8227953989143332,0.7373695373535156
potsdam,default,43,potsdam_0332,nvidia/LocateAnything-3B,2,,0.948394775390625,0.9735139791682982,0.948394775390625
potsdam,default,44,potsdam_0178,nvidia/LocateAnything-3B,1,,0.15123301842301431,0.2627322462140233,0.78717041015625
potsdam,default,45,potsdam_0177,nvidia/LocateAnything-3B,1,,0.05820482532079807,0.11000672824025934,0.33393096923828125
potsdam,default,46,potsdam_0087,nvidia/LocateAnything-3B,1,,0.09228963567989652,0.16898381649927635,0.71087646484375
potsdam,default,47,potsdam_0150,nvidia/LocateAnything-3B,2,,0.43550882434247856,0.606765791971999,0.5559959411621094
potsdam,default,48,potsdam_0238,nvidia/LocateAnything-3B,2,,0.9789666854884246,0.9893715671588559,0.9789695739746094
potsdam,default,49,potsdam_0102,nvidia/LocateAnything-3B,0,0.0,0.0,0.0,0.5261344909667969
potsdam,default,50,potsdam_0380,nvidia/LocateAnything-3B,1,,0.6102189171897746,0.7579328632590601,0.6792793273925781
potsdam,default,51,potsdam_0207,nvidia/LocateAnything-3B,2,,0.9945677674821374,0.9972764863613934,0.99456787109375
potsdam,default,52,potsdam_0323,nvidia/LocateAnything-3B,2,,0.9828292615933957,0.991340283937102,0.9828300476074219
potsdam,default,53,potsdam_0068,nvidia/LocateAnything-3B,0,0.0,0.0,0.0,0.514312744140625
potsdam,default,54,potsdam_0263,nvidia/LocateAnything-3B,2,,0.911022028786317,0.9534395889354595,0.9110946655273438
potsdam,default,55,potsdam_0366,nvidia/LocateAnything-3B,2,,0.6061758082369556,0.7548062984491518,0.6064071655273438
potsdam,default,56,potsdam_0083,nvidia/LocateAnything-3B,1,,0.5148211763807778,0.6797121461039943,0.515106201171875
potsdam,default,57,potsdam_0140,nvidia/LocateAnything-3B,1,,0.761618716408473,0.8646805455850682,0.804412841796875
potsdam,default,58,potsdam_0348,nvidia/LocateAnything-3B,19,,0.2816977546436911,0.43956970919716154,0.5083236694335938
potsdam,default,59,potsdam_0133,nvidia/LocateAnything-3B,2,,0.5732823862936028,0.7287723949470544,0.6698417663574219
potsdam,default,60,potsdam_0393,nvidia/LocateAnything-3B,1,,0.42010213786702216,0.591650595636749,0.4208564758300781
potsdam,default,61,potsdam_0101,nvidia/LocateAnything-3B,0,0.0,0.0,0.0,0.6166763305664062
potsdam,default,62,potsdam_0307,nvidia/LocateAnything-3B,0,0.0,0.0,0.0,0.5849494934082031
potsdam,default,63,potsdam_0354,nvidia/LocateAnything-3B,2,,0.6031361335800242,0.7524453113450047,0.6039657592773438
potsdam,default,64,potsdam_0239,nvidia/LocateAnything-3B,0,0.0,0.0,0.0,0.005893707275390625
potsdam,default,65,potsdam_0137,nvidia/LocateAnything-3B,2,,0.6995478449140718,0.8232164184226783,0.7543754577636719
potsdam,default,66,potsdam_0112,nvidia/LocateAnything-3B,2,,0.4952434076304147,0.6624251344003598,0.4960174560546875
potsdam,default,67,potsdam_0081,nvidia/LocateAnything-3B,0,0.0,0.0,0.0,0.36876678466796875
potsdam,default,68,potsdam_0040,nvidia/LocateAnything-3B,2,,0.6618901667463375,0.7965510356706564,0.7706565856933594
potsdam,default,69,potsdam_0184,nvidia/LocateAnything-3B,2,,0.9869023455979977,0.993408002949405,0.9869041442871094
potsdam,default,70,potsdam_0109,nvidia/LocateAnything-3B,2,,0.41104086994979055,0.5826066114788252,0.8272781372070312
potsdam,default,71,potsdam_0219,nvidia/LocateAnything-3B,8,,0.004551357733175915,0.009061473459050014,0.3567314147949219
potsdam,default,72,potsdam_0354,nvidia/LocateAnything-3B,2,,0.6233907216629682,0.7680106992657683,0.67047119140625
potsdam,default,73,potsdam_0077,nvidia/LocateAnything-3B,1,,0.22098251011092362,0.36197489854436626,0.22333908081054688
potsdam,default,74,potsdam_0115,nvidia/LocateAnything-3B,2,,0.7154413233809945,0.8341192597260257,0.7881126403808594
potsdam,default,75,potsdam_0031,nvidia/LocateAnything-3B,1,,0.9372544082526457,0.967611072928749,0.9372596740722656
potsdam,default,76,potsdam_0367,nvidia/LocateAnything-3B,9,,0.15004684459605544,0.26094040482108916,0.4601287841796875
potsdam,default,77,potsdam_0350,nvidia/LocateAnything-3B,41,,0.03514691058739243,0.06790709652497223,0.5581817626953125
potsdam,default,78,potsdam_0057,nvidia/LocateAnything-3B,0,0.0,0.0,0.0,0.5083236694335938
potsdam,default,79,potsdam_0390,nvidia/LocateAnything-3B,2,,0.8784393169436433,0.9352863401229565,0.8784523010253906
potsdam,default,80,potsdam_0075,nvidia/LocateAnything-3B,0,0.0,0.0,0.0,0.6777763366699219
potsdam,default,81,potsdam_0136,nvidia/LocateAnything-3B,2,,0.9243989008472636,0.9607144344556364,0.9244346618652344
potsdam,default,82,potsdam_0213,nvidia/LocateAnything-3B,2,,0.7035437794709933,0.8259767526367499,0.7040481567382812
potsdam,default,83,potsdam_0152,nvidia/LocateAnything-3B,1,,0.06271430860439033,0.11802665701706773,0.665283203125
potsdam,default,84,potsdam_0067,nvidia/LocateAnything-3B,0,0.0,0.0,0.0,0.3596038818359375
potsdam,default,85,potsdam_0214,nvidia/LocateAnything-3B,3,,0.13497411856626623,0.23784528009637726,0.6283454895019531
potsdam,default,86,potsdam_0028,nvidia/LocateAnything-3B,1,,0.5163096443790487,0.6810081915563957,0.5172119140625
potsdam,default,87,potsdam_0083,nvidia/LocateAnything-3B,1,,0.5148211763807778,0.6797121461039943,0.515106201171875
potsdam,default,88,potsdam_0248,nvidia/LocateAnything-3B,2,,0.9761831187410587,0.9879480393122101,0.9761848449707031
potsdam,default,89,potsdam_0390,nvidia/LocateAnything-3B,2,,0.8784393169436433,0.9352863401229565,0.8784523010253906
potsdam,default,90,potsdam_0315,nvidia/LocateAnything-3B,2,,0.9730667989165681,0.9863495746326373,0.9730682373046875
potsdam,default,91,potsdam_0290,nvidia/LocateAnything-3B,2,,0.649360530692615,0.7874088394972437,0.6501617431640625
potsdam,default,92,potsdam_0183,nvidia/LocateAnything-3B,2,,0.8218493940481554,0.9022144165517473,0.8220138549804688
potsdam,default,93,potsdam_0354,nvidia/LocateAnything-3B,2,,0.6031361335800242,0.7524453113450047,0.6039657592773438
potsdam,default,94,potsdam_0011,nvidia/LocateAnything-3B,1,,0.502522606299923,0.6689052187206999,0.7265434265136719
potsdam,default,95,potsdam_0211,nvidia/LocateAnything-3B,3,,0.3149672858209283,0.4790496147199519,0.7619590759277344
potsdam,default,96,potsdam_0196,nvidia/LocateAnything-3B,2,,0.9951053886504531,0.9975466903265406,0.9951057434082031
potsdam,default,97,potsdam_0191,nvidia/LocateAnything-3B,2,,0.95219547552741,0.9755124294304212,0.9521980285644531
potsdam,default,98,potsdam_0118,nvidia/LocateAnything-3B,2,,0.8345032655039869,0.9097866231104546,0.8346061706542969
potsdam,default,99,potsdam_0226,nvidia/LocateAnything-3B,3,,0.5029175631441033,0.6692550216686535,0.77349853515625
potsdam,default,100,potsdam_0298,nvidia/LocateAnything-3B,2,,0.5631127156036904,0.7205017398712803,0.7922592163085938
vaihingen,default,1,vaihingen_0138,nvidia/LocateAnything-3B,17,,0.5213299517787281,0.6853607939148149,0.6788902282714844
vaihingen,default,2,vaihingen_0057,nvidia/LocateAnything-3B,23,,0.351854260055383,0.5205505807126993,0.3535652160644531
vaihingen,default,3,vaihingen_0100,nvidia/LocateAnything-3B,37,,0.526553959577984,0.6898596099721884,0.8579177856445312
vaihingen,default,4,vaihingen_0083,nvidia/LocateAnything-3B,2,,0.6621737335433263,0.7967563440335956,0.6628799438476562
vaihingen,default,5,vaihingen_0192,nvidia/LocateAnything-3B,2,,0.4197675173712579,0.5913186662397658,0.4205665588378906
vaihingen,default,6,vaihingen_0106,nvidia/LocateAnything-3B,3,,0.3152036502982657,0.4793229553868451,0.7355003356933594
vaihingen,default,7,vaihingen_0106,nvidia/LocateAnything-3B,3,,0.3181999362244898,0.4827794744640319,0.7389984130859375
vaihingen,default,8,vaihingen_0032,nvidia/LocateAnything-3B,20,,0.410380849257231,0.5819433091045666,0.4225311279296875
vaihingen,default,9,vaihingen_0011,nvidia/LocateAnything-3B,9,,0.5517025451205767,0.7110931754999552,0.877105712890625
vaihingen,default,10,vaihingen_0113,nvidia/LocateAnything-3B,37,,0.6520909567125885,0.7894129001349309,0.6529045104980469
vaihingen,default,11,vaihingen_0068,nvidia/LocateAnything-3B,9,,0.3878936767578125,0.5589674241674637,0.3878936767578125
vaihingen,default,12,vaihingen_0008,nvidia/LocateAnything-3B,1,,0.3340765514678558,0.5008356545961002,0.37109375
vaihingen,default,13,vaihingen_0109,nvidia/LocateAnything-3B,6,,0.4739775714618482,0.6431272505615822,0.8793983459472656
vaihingen,default,14,vaihingen_0114,nvidia/LocateAnything-3B,23,,0.5911825464153192,0.7430731913785245,0.7591781616210938
vaihingen,default,15,vaihingen_0096,nvidia/LocateAnything-3B,28,,0.5883343531755865,0.7408192764946734,0.6894683837890625
vaihingen,default,16,vaihingen_0000,nvidia/LocateAnything-3B,7,,0.5535372276753651,0.7126153371987749,0.9430885314941406
vaihingen,default,17,vaihingen_0045,nvidia/LocateAnything-3B,1,,0.5502486876414303,0.7098844101956135,0.5519180297851562
vaihingen,default,18,vaihingen_0197,nvidia/LocateAnything-3B,27,,0.5583776123336911,0.7166140066623689,0.5589790344238281
vaihingen,default,19,vaihingen_0156,nvidia/LocateAnything-3B,1,,0.535414106660113,0.6974198092067354,0.6033782958984375
vaihingen,default,20,vaihingen_0164,nvidia/LocateAnything-3B,9,,0.5834826663126922,0.7369612294795669,0.9281806945800781
vaihingen,default,21,vaihingen_0023,nvidia/LocateAnything-3B,15,,0.5230788647393804,0.686870360884282,0.5242996215820312
vaihingen,default,22,vaihingen_0041,nvidia/LocateAnything-3B,24,,0.6290212226399935,0.7722689108010528,0.7745475769042969
vaihingen,default,23,vaihingen_0125,nvidia/LocateAnything-3B,1,,0.46857627870344176,0.6381367934352481,0.4697723388671875
vaihingen,default,24,vaihingen_0170,nvidia/LocateAnything-3B,1,,0.631467897973771,0.7741101112170619,0.6322059631347656
vaihingen,default,25,vaihingen_0162,nvidia/LocateAnything-3B,10,,0.6948662667166604,0.8199658939023828,0.9254951477050781
vaihingen,default,26,vaihingen_0161,nvidia/LocateAnything-3B,8,,0.14036343112849095,0.24617315374553683,0.6746292114257812
vaihingen,default,27,vaihingen_0162,nvidia/LocateAnything-3B,10,,0.6947707109833813,0.819899360404033,0.9254531860351562
vaihingen,default,28,vaihingen_0049,nvidia/LocateAnything-3B,1,,0.5398280166859756,0.701153649415726,0.5408935546875
vaihingen,default,29,vaihingen_0048,nvidia/LocateAnything-3B,17,,0.6796307264733353,0.809262078576442,0.7854118347167969
vaihingen,default,30,vaihingen_0018,nvidia/LocateAnything-3B,14,,0.5385975057555291,0.700114882210277,0.6773681640625
vaihingen,default,31,vaihingen_0142,nvidia/LocateAnything-3B,5,,0.6874929912306278,0.8148098923116284,0.7873878479003906
vaihingen,default,32,vaihingen_0031,nvidia/LocateAnything-3B,10,,0.6201739228960712,0.7655646275154291,0.7442436218261719
vaihingen,default,33,vaihingen_0168,nvidia/LocateAnything-3B,12,,0.6459363611905985,0.7848861917399483,0.7238807678222656
vaihingen,default,34,vaihingen_0008,nvidia/LocateAnything-3B,6,,0.47451531037975264,0.6436220865791404,0.6516647338867188
vaihingen,default,35,vaihingen_0010,nvidia/LocateAnything-3B,7,,0.5664382900704429,0.7232181358960142,0.9314422607421875
vaihingen,default,36,vaihingen_0194,nvidia/LocateAnything-3B,5,,0.500337518563521,0.6669666156753352,0.9294090270996094
vaihingen,default,37,vaihingen_0096,nvidia/LocateAnything-3B,16,,0.6033886866538509,0.7526418162686139,0.7040786743164062
vaihingen,default,38,vaihingen_0101,nvidia/LocateAnything-3B,14,,0.5044313624013456,0.6705940530197158,0.8831100463867188
vaihingen,default,39,vaihingen_0135,nvidia/LocateAnything-3B,12,,0.47952768871625484,0.6482172552408637,0.7950286865234375
vaihingen,default,40,vaihingen_0025,nvidia/LocateAnything-3B,2,,0.825921608347507,0.9046627243707154,0.8262596130371094
vaihingen,default,41,vaihingen_0036,nvidia/LocateAnything-3B,1,,0.6801424965922238,0.8096247764362057,0.6804389953613281
vaihingen,default,42,vaihingen_0128,nvidia/LocateAnything-3B,11,,0.3969896096602078,0.568350125033168,0.7952156066894531
vaihingen,default,43,vaihingen_0022,nvidia/LocateAnything-3B,16,,0.6360200920101399,0.7775211259522818,0.7633819580078125
vaihingen,default,44,vaihingen_0044,nvidia/LocateAnything-3B,2,,0.841623431409603,0.9140016542528602,0.8417472839355469
vaihingen,default,45,vaihingen_0091,nvidia/LocateAnything-3B,4,,0.5461775878442545,0.7064875239923225,0.5479087829589844
vaihingen,default,46,vaihingen_0052,nvidia/LocateAnything-3B,9,,0.5774265937180086,0.7321121578874983,0.7622299194335938
vaihingen,default,47,vaihingen_0190,nvidia/LocateAnything-3B,2,,0.4375090802040083,0.608704440520011,0.4387664794921875
vaihingen,default,48,vaihingen_0015,nvidia/LocateAnything-3B,12,,0.5378341748923564,0.6994696615192638,0.7060089111328125
vaihingen,default,49,vaihingen_0198,nvidia/LocateAnything-3B,3,,0.6364241516513109,0.777822975796461,0.9083251953125
vaihingen,default,50,vaihingen_0077,nvidia/LocateAnything-3B,1,,0.7019623563547512,0.8248858780381116,0.7022056579589844
vaihingen,default,51,vaihingen_0188,nvidia/LocateAnything-3B,14,,0.4453411770425651,0.6162436718973375,0.9129600524902344
vaihingen,default,52,vaihingen_0008,nvidia/LocateAnything-3B,3,,0.4736612323211434,0.6428359814759952,0.650482177734375
vaihingen,default,53,vaihingen_0163,nvidia/LocateAnything-3B,5,,0.6037494209651489,0.7529223868424629,0.9445266723632812
vaihingen,default,54,vaihingen_0063,nvidia/LocateAnything-3B,1,,0.736530903007223,0.8482784864141971,0.7368736267089844
vaihingen,default,55,vaihingen_0034,nvidia/LocateAnything-3B,9,,0.5621801565229977,0.7197379305780749,0.6769027709960938
vaihingen,default,56,vaihingen_0027,nvidia/LocateAnything-3B,8,,0.4049425758818704,0.5764542734107,0.7786331176757812
vaihingen,default,57,vaihingen_0186,nvidia/LocateAnything-3B,8,,0.4988463617545849,0.6656404211711514,0.8549995422363281
vaihingen,default,58,vaihingen_0088,nvidia/LocateAnything-3B,2,,0.6549946777867223,0.7915368992759152,0.6550407409667969
vaihingen,default,59,vaihingen_0122,nvidia/LocateAnything-3B,29,,0.32396864587578206,0.4893902085747393,0.569671630859375
vaihingen,default,60,vaihingen_0037,nvidia/LocateAnything-3B,1,,0.8917628104789757,0.9427850104032758,0.8918495178222656
vaihingen,default,61,vaihingen_0107,nvidia/LocateAnything-3B,2,,0.6225614603718199,0.7673810522150035,0.6232986450195312
vaihingen,default,62,vaihingen_0048,nvidia/LocateAnything-3B,1,,0.503790468261273,0.6700274790859267,0.504364013671875
vaihingen,default,63,vaihingen_0058,nvidia/LocateAnything-3B,2,,0.6849520624047835,0.8130226107764892,0.68524169921875
vaihingen,default,64,vaihingen_0040,nvidia/LocateAnything-3B,4,,0.7984345569084076,0.8879217248593728,0.8293647766113281
vaihingen,default,65,vaihingen_0077,nvidia/LocateAnything-3B,1,,0.7019623563547512,0.8248858780381116,0.7022056579589844
vaihingen,default,66,vaihingen_0184,nvidia/LocateAnything-3B,7,,0.317492798024601,0.4819651363569315,0.7722511291503906
vaihingen,default,67,vaihingen_0177,nvidia/LocateAnything-3B,2,,0.49364887689826736,0.6609972190028833,0.4945335388183594
vaihingen,default,68,vaihingen_0010,nvidia/LocateAnything-3B,5,,0.5601538536442865,0.7180751466733242,0.9310760498046875
vaihingen,default,69,vaihingen_0185,nvidia/LocateAnything-3B,7,,0.4578447972908214,0.6281118513323983,0.9352645874023438
vaihingen,default,70,vaihingen_0009,nvidia/LocateAnything-3B,11,,0.5497966382320124,0.7095081053462771,0.8568572998046875
vaihingen,default,71,vaihingen_0120,nvidia/LocateAnything-3B,6,,0.5741715701455559,0.7294904583907141,0.9632835388183594
vaihingen,default,72,vaihingen_0179,nvidia/LocateAnything-3B,9,,0.04721114583388789,0.09016547622073663,0.3172874450683594
vaihingen,default,73,vaihingen_0076,nvidia/LocateAnything-3B,1,,0.48729516024294284,0.655277006567204,0.4879875183105469
vaihingen,default,74,vaihingen_0085,nvidia/LocateAnything-3B,24,,0.43670815530373397,0.6079288318808348,0.5951576232910156
vaihingen,default,75,vaihingen_0014,nvidia/LocateAnything-3B,11,,0.6032325930031872,0.7525203711997989,0.8798561096191406
vaihingen,default,76,vaihingen_0168,nvidia/LocateAnything-3B,20,,0.6626878467882652,0.797128394326509,0.7868804931640625
vaihingen,default,77,vaihingen_0049,nvidia/LocateAnything-3B,1,,0.5398280166859756,0.701153649415726,0.5408935546875
vaihingen,default,78,vaihingen_0085,nvidia/LocateAnything-3B,2,,0.6835097341955395,0.812005681122067,0.6839141845703125
vaihingen,default,79,vaihingen_0114,nvidia/LocateAnything-3B,1,,0.6036215485837026,0.7528229451853066,0.6318321228027344
vaihingen,default,80,vaihingen_0191,nvidia/LocateAnything-3B,1,,0.5928954639033238,0.7444248255318127,0.5941658020019531
vaihingen,default,81,vaihingen_0108,nvidia/LocateAnything-3B,3,,0.48013233125966415,0.6487694662423168,0.7242546081542969
vaihingen,default,82,vaihingen_0138,nvidia/LocateAnything-3B,1,,0.4533760090552069,0.6238936190365935,0.45470428466796875
vaihingen,default,83,vaihingen_0131,nvidia/LocateAnything-3B,20,,0.27825797345090636,0.4353706047296459,0.652801513671875
vaihingen,default,84,vaihingen_0186,nvidia/LocateAnything-3B,14,,0.4941704263192579,0.6614646061983681,0.8477401733398438
vaihingen,default,85,vaihingen_0151,nvidia/LocateAnything-3B,11,,0.6985824201169785,0.8225475688943823,0.8055763244628906
vaihingen,default,86,vaihingen_0036,nvidia/LocateAnything-3B,1,,0.6801424965922238,0.8096247764362057,0.6804389953613281
vaihingen,default,87,vaihingen_0043,nvidia/LocateAnything-3B,2,,0.6743208489531387,0.8054858175776222,0.6748886108398438
vaihingen,default,88,vaihingen_0083,nvidia/LocateAnything-3B,2,,0.6621737335433263,0.7967563440335956,0.6628799438476562
vaihingen,default,89,vaihingen_0132,nvidia/LocateAnything-3B,3,,0.34862640299305186,0.5170096065438635,0.6513214111328125
vaihingen,default,90,vaihingen_0136,nvidia/LocateAnything-3B,16,,0.35145589505630176,0.5201144874086476,0.3527374267578125
vaihingen,default,91,vaihingen_0033,nvidia/LocateAnything-3B,21,,0.6515506251211222,0.7890168369175343,0.7462196350097656
vaihingen,default,92,vaihingen_0127,nvidia/LocateAnything-3B,8,,0.3257664365846828,0.49143865404209847,0.8438720703125
vaihingen,default,93,vaihingen_0136,nvidia/LocateAnything-3B,14,,0.4382136164896939,0.6093859931033884,0.6568984985351562
vaihingen,default,94,vaihingen_0055,nvidia/LocateAnything-3B,1,,0.5032973838842991,0.6695912455908793,0.5043830871582031
vaihingen,default,95,vaihingen_0095,nvidia/LocateAnything-3B,17,,0.6615875013355811,0.79633182219269,0.7825202941894531
vaihingen,default,96,vaihingen_0055,nvidia/LocateAnything-3B,1,,0.5032973838842991,0.6695912455908793,0.5043830871582031
vaihingen,default,97,vaihingen_0062,nvidia/LocateAnything-3B,2,,0.7406155726123649,0.850981209481917,0.7408866882324219
vaihingen,default,98,vaihingen_0006,nvidia/LocateAnything-3B,8,,0.5679422645399964,0.7244428285203722,0.8641166687011719
vaihingen,default,99,vaihingen_0165,nvidia/LocateAnything-3B,10,,0.2228858139898262,0.36452432670329515,0.8292503356933594
vaihingen,default,100,vaihingen_0072,nvidia/LocateAnything-3B,16,,0.8644957261039943,0.927323902115264,0.8646621704101562
